timestamp,date,symbol,price,momentum_20d,momentum_regime,vol_20d_ann,vol_state,max_drawdown_60d,market_regime,risk_flags,summary
2026-03-02T17:30:06.067722,2026-03-02,SPY,686.34,-0.0081,downtrend,0.1302,normal,-0.0132,quiet decline,✅ No major risk flags detected,"### Market Regime Summary
The current market environment is characterized by a mix of quiet decline in equities (SPY) and volatile chop in technology (QQQ) and cryptocurrencies (BTCUSD). Gold (GLD) and long-term treasuries (TLT) exhibit divergent behaviors, with GLD facing extreme volatility while TLT remains in a calm uptrend.

### Key Risk Observations
- **Equity Weakness**: SPY shows a downtrend momentum with a market regime of quiet decline, indicating potential further weakness in equities."
2026-03-02T17:30:06.067768,2026-03-02,QQQ,608.09,-0.0222,sideways,0.1825,elevated,-0.0397,volatile chop,⚠️ High cross-asset correlation — diversification benefit reduced,
2026-03-02T17:30:06.067780,2026-03-02,GLD,490.0,0.1012,sideways,0.4082,extreme,-0.0119,volatile chop,✅ No major risk flags detected,
2026-03-02T17:30:06.067788,2026-03-02,TLT,89.61,0.0285,uptrend,0.1012,normal,-0.0133,calm uptrend,✅ No major risk flags detected,
2026-03-02T17:30:06.067794,2026-03-02,BTCUSD,69206.39,0.0059,sideways,0.4187,extreme,-0.2862,volatile chop,🔴 Significant drawdown: -28.6% — approaching historical risk levels,
2026-03-02T17:31:42.612938,2026-03-02,SPY,686.34,-0.0081,downtrend,0.1302,normal,-0.0132,quiet decline,✅ No major risk flags detected,"### Market Regime Summary
The current market environment is characterized by a mix of declining trends in equities (SPY) and elevated volatility in both technology (QQQ) and cryptocurrencies (BTCUSD), indicating a period of uncertainty and potential risk aversion. Meanwhile, fixed income (TLT) shows a calm uptrend, suggesting a flight to safety among some investors.

### Key Risk Observations
- **Equity Weakness**: SPY is in a downtrend with a quiet decline regime, indicating potential ongoing b"
2026-03-02T17:31:42.612976,2026-03-02,QQQ,608.09,-0.0222,sideways,0.1825,elevated,-0.0397,volatile chop,⚠️ High cross-asset correlation — diversification benefit reduced,
2026-03-02T17:31:42.612985,2026-03-02,GLD,490.0,0.1012,sideways,0.4082,extreme,-0.0119,volatile chop,✅ No major risk flags detected,
2026-03-02T17:31:42.612989,2026-03-02,TLT,89.61,0.0285,uptrend,0.1012,normal,-0.0133,calm uptrend,✅ No major risk flags detected,
2026-03-02T17:31:42.612993,2026-03-02,BTCUSD,69373.9,0.0083,sideways,0.4227,extreme,-0.2845,volatile chop,🔴 Significant drawdown: -28.4% — approaching historical risk levels,
2026-03-02T17:33:24.203772,2026-03-02,SPY,686.34,-0.0081,downtrend,0.1302,normal,-0.0132,quiet decline,✅ No major risk flags detected,"### Market Regime Summary
The current market environment is characterized by a mix of declining trends and volatility. While SPY is in a downtrend with a quiet decline, QQQ and BTCUSD are experiencing volatile chop, indicating increased uncertainty. TLT shows a calm uptrend, providing a contrast to the overall market dynamics.

### Key Risk Observations
- **SPY**: Exhibiting a downtrend with a normal volatility state, indicating potential for continued weakness without major risk flags.
- **QQQ*"
2026-03-02T17:33:24.203836,2026-03-02,QQQ,608.09,-0.0222,sideways,0.1825,elevated,-0.0397,volatile chop,⚠️ High cross-asset correlation — diversification benefit reduced,
2026-03-02T17:33:24.203846,2026-03-02,GLD,490.0,0.1012,sideways,0.4082,extreme,-0.0119,volatile chop,✅ No major risk flags detected,
2026-03-02T17:33:24.203852,2026-03-02,TLT,89.61,0.0285,uptrend,0.1012,normal,-0.0133,calm uptrend,✅ No major risk flags detected,
2026-03-02T17:33:24.203860,2026-03-02,BTCUSD,69373.9,0.0083,sideways,0.4227,extreme,-0.2845,volatile chop,🔴 Significant drawdown: -28.4% — approaching historical risk levels,
2026-03-02T17:39:22.957800,2026-03-02,SPY,686.34,-0.0081,downtrend,0.1302,normal,-0.0132,quiet decline,✅ No major risk flags detected,"### Market Regime Summary
The current market environment is characterized by a mix of declining trends in equities (SPY) and elevated volatility across technology stocks (QQQ) and cryptocurrencies (BTCUSD). Meanwhile, fixed income (TLT) is exhibiting a calm uptrend, suggesting a divergence in asset performance amid a backdrop of heightened uncertainty.

### Key Risk Observations
- **Equity Weakness**: SPY is in a downtrend with a quiet decline regime, indicating potential ongoing weakness in the"
2026-03-02T17:39:22.957844,2026-03-02,QQQ,608.09,-0.0222,sideways,0.1825,elevated,-0.0397,volatile chop,⚠️ High cross-asset correlation — diversification benefit reduced,
2026-03-02T17:39:22.957854,2026-03-02,GLD,490.0,0.1012,sideways,0.4082,extreme,-0.0119,volatile chop,✅ No major risk flags detected,
2026-03-02T17:39:22.957859,2026-03-02,TLT,89.61,0.0285,uptrend,0.1012,normal,-0.0133,calm uptrend,✅ No major risk flags detected,
2026-03-02T17:39:22.957865,2026-03-02,BTCUSD,69373.9,0.0083,sideways,0.4227,extreme,-0.2845,volatile chop,🔴 Significant drawdown: -28.4% — approaching historical risk levels,
2026-03-02T17:45:23.928583,2026-03-02,SPY,686.34,-0.0081,downtrend,0.1302,normal,-0.0132,quiet decline,✅ No major risk flags detected,"### Market Regime Summary
The current market regime is characterized by a ""quiet decline"" in equities (SPY) and a ""volatile chop"" in technology (QQQ) and cryptocurrencies (BTCUSD), indicating a mixed sentiment with underlying weakness. Gold (GLD) and long-term treasuries (TLT) are experiencing elevated volatility but show divergent trends, with TLT in a calm uptrend.

### Key Risk Observations
- **Geopolitical Tensions**: The ongoing Iran conflict poses a potential risk to market stability, part"
2026-03-02T17:45:23.928620,2026-03-02,QQQ,608.09,-0.0222,sideways,0.1825,elevated,-0.0397,volatile chop,⚠️ High cross-asset correlation — diversification benefit reduced,
2026-03-02T17:45:23.928629,2026-03-02,GLD,490.0,0.1012,sideways,0.4082,extreme,-0.0119,volatile chop,✅ No major risk flags detected,
2026-03-02T17:45:23.928632,2026-03-02,TLT,89.61,0.0285,uptrend,0.1012,normal,-0.0133,calm uptrend,✅ No major risk flags detected,
2026-03-02T17:45:23.928638,2026-03-02,BTCUSD,69341.28,0.0078,sideways,0.4219,extreme,-0.2848,volatile chop,🔴 Significant drawdown: -28.5% — approaching historical risk levels,
2026-03-02T17:53:28.761044,2026-03-02,SPY,686.34,-0.0081,downtrend,0.1302,normal,-0.0132,quiet decline,✅ No major risk flags detected,"### Market Regime Summary
The current market regime reflects a mixed environment characterized by a ""quiet decline"" in equities (SPY) and a ""volatile chop"" in tech (QQQ) and cryptocurrencies (BTCUSD). While bonds (TLT) are in a ""calm uptrend,"" elevated volatility in gold (GLD) and cryptocurrencies indicates heightened uncertainty, particularly influenced by geopolitical tensions.

### Key Risk Observations
- **Geopolitical Tensions**: The ongoing Iran conflict is creating volatility across marke"
2026-03-02T17:53:28.761097,2026-03-02,QQQ,608.09,-0.0222,sideways,0.1825,elevated,-0.0397,volatile chop,⚠️ High cross-asset correlation — diversification benefit reduced,
2026-03-02T17:53:28.761112,2026-03-02,GLD,490.0,0.1012,sideways,0.4082,extreme,-0.0119,volatile chop,✅ No major risk flags detected,
2026-03-02T17:53:28.761118,2026-03-02,TLT,89.61,0.0285,uptrend,0.1012,normal,-0.0133,calm uptrend,✅ No major risk flags detected,
2026-03-02T17:53:28.761127,2026-03-02,BTCUSD,69319.22,0.0075,sideways,0.4214,extreme,-0.285,volatile chop,🔴 Significant drawdown: -28.5% — approaching historical risk levels,
2026-03-02T17:55:25.944665,2026-03-02,SPY,686.34,-0.0081,downtrend,0.1302,normal,-0.0132,quiet decline,✅ No major risk flags detected,"### Market Regime Summary
The current market regime is characterized by a ""quiet decline"" in SPY, a ""volatile chop"" in QQQ and BTCUSD, and a ""calm uptrend"" in TLT. Overall, there is a mixed sentiment across asset classes, with elevated volatility in equities and cryptocurrencies, while bonds exhibit stability amidst a cautious environment.

### Key Risk Observations
- **Geopolitical Tensions**: The ongoing Iran conflict is creating uncertainty, potentially impacting global markets and investor s"
2026-03-02T17:55:25.944707,2026-03-02,QQQ,608.09,-0.0222,sideways,0.1825,elevated,-0.0397,volatile chop,⚠️ High cross-asset correlation — diversification benefit reduced,
2026-03-02T17:55:25.944717,2026-03-02,GLD,490.0,0.1012,sideways,0.4082,extreme,-0.0119,volatile chop,✅ No major risk flags detected,
2026-03-02T17:55:25.944723,2026-03-02,TLT,89.61,0.0285,uptrend,0.1012,normal,-0.0133,calm uptrend,✅ No major risk flags detected,
2026-03-02T17:55:25.944728,2026-03-02,BTCUSD,69319.22,0.0075,sideways,0.4214,extreme,-0.285,volatile chop,🔴 Significant drawdown: -28.5% — approaching historical risk levels,
2026-03-02T17:55:47.292232,2026-03-02,SPY,686.34,-0.0081,downtrend,0.1302,normal,-0.0132,quiet decline,✅ No major risk flags detected,"1. **Market Regime Summary**: The current market environment is characterized by a ""quiet decline"" in equities (SPY) and a ""volatile chop"" in technology (QQQ) and cryptocurrencies (BTCUSD), indicating uncertainty and mixed momentum. Bonds (TLT) are in a ""calm uptrend,"" suggesting a flight to safety amid rising geopolitical tensions.

2. **Key Risk Observations**:
   - **Geopolitical Tensions**: The ongoing conflict in Iran is creating volatility across markets, particularly impacting sentiment i"
2026-03-02T17:55:47.292252,2026-03-02,QQQ,608.09,-0.0222,sideways,0.1825,elevated,-0.0397,volatile chop,⚠️ High cross-asset correlation — diversification benefit reduced,
2026-03-02T17:55:47.292258,2026-03-02,GLD,490.0,0.1012,sideways,0.4082,extreme,-0.0119,volatile chop,✅ No major risk flags detected,
2026-03-02T17:55:47.292263,2026-03-02,TLT,89.61,0.0285,uptrend,0.1012,normal,-0.0133,calm uptrend,✅ No major risk flags detected,
2026-03-02T17:55:47.292267,2026-03-02,BTCUSD,69319.22,0.0075,sideways,0.4214,extreme,-0.285,volatile chop,🔴 Significant drawdown: -28.5% — approaching historical risk levels,
2026-03-02T19:27:28.442649,2026-03-02,SPY,686.38,-0.0081,downtrend,0.1302,normal,-0.0131,quiet decline,✅ No major risk flags detected,"### Market Regime Summary
The current market regime is characterized by a ""quiet decline"" in SPY, with negative momentum and a lack of major risk flags. In contrast, QQQ exhibits a ""volatile chop"" with elevated volatility and high cross-asset correlation, indicating reduced diversification benefits. TLT is in a ""calm uptrend,"" suggesting a flight to safety amid geopolitical tensions.

### Key Risk Observations
- **Geopolitical Tensions**: The ongoing U.S.-Iran conflict is contributing to market "
2026-03-02T19:27:28.442681,2026-03-02,QQQ,608.09,-0.0222,sideways,0.1825,elevated,-0.0397,volatile chop,⚠️ High cross-asset correlation — diversification benefit reduced,
2026-03-02T19:27:28.442690,2026-03-02,GLD,490.0,0.1012,sideways,0.4082,extreme,-0.0119,volatile chop,✅ No major risk flags detected,
2026-03-02T19:27:28.442693,2026-03-02,TLT,89.61,0.0285,uptrend,0.1012,normal,-0.0133,calm uptrend,✅ No major risk flags detected,
2026-03-02T19:27:28.442698,2026-03-02,BTCUSD,68734.08,-0.001,sideways,0.4083,extreme,-0.2911,volatile chop,🔴 Significant drawdown: -29.1% — approaching historical risk levels,
